epsilon,final_accuracy,final_f1
1.0,0.7339,0.7145156099130995
3.0,0.9646,0.9576250897773522
5.0,0.9804,0.9760858955588092
10.0,0.9826,0.9787129924149743
