office,krum_score
0,1.3029558053046557
1,1.1916442595916874
2,1.7945662053174418
3,1.7248538175523258
4,1.1952250497696149
