office,krum_score
0,403.6022197903625
1,103.28946256817287
2,55.95771258774926
3,119.70383919060339
4,516.6692413026415
